{"cameraMode":{"drawMode":0,"name":"Shaded","section":"Shading Mode"},"sceneLighting":true,"audioPlay":false,"sceneViewState":{"m_AlwaysRefresh":false,"showFog":true,"showSkybox":true,"showFlares":true,"showImageEffects":true,"showParticleSystems":true,"showVisualEffectGraphs":true,"m_FxEnabled":true},"in2DMode":false,"pivot":{"x":462.03753662109377,"y":485.5980224609375,"z":-18.98492431640625},"rotation":{"x":0.08333465456962586,"y":0.21761366724967957,"z":-0.01864882931113243,"w":0.9722962379455566},"size":276.3895568847656,"orthographic":false}