{"cameraMode":{"drawMode":0,"name":"Shaded","section":"Shading Mode"},"sceneLighting":true,"audioPlay":false,"sceneViewState":{"m_AlwaysRefresh":false,"showFog":true,"showSkybox":true,"showFlares":true,"showImageEffects":true,"showParticleSystems":true,"showVisualEffectGraphs":true,"m_FxEnabled":false},"in2DMode":false,"pivot":{"x":18.138784408569337,"y":36.99013137817383,"z":-29.0574951171875},"rotation":{"x":0.6566660404205322,"y":0.0033937455154955389,"z":-0.0029551079496741297,"w":0.7541686296463013},"size":69.47505187988281,"orthographic":true}