{"cameraMode":{"drawMode":0,"name":"Shaded","section":"Shading Mode"},"sceneLighting":true,"audioPlay":false,"sceneViewState":{"m_AlwaysRefresh":false,"showFog":true,"showSkybox":true,"showFlares":true,"showImageEffects":true,"showParticleSystems":true,"showVisualEffectGraphs":true,"m_FxEnabled":false},"in2DMode":false,"pivot":{"x":-46.29435348510742,"y":9.033713340759278,"z":-52.390235900878909},"rotation":{"x":0.3726486265659332,"y":-0.012527229264378548,"z":0.005030790343880653,"w":0.9278751015663147},"size":50.61590576171875,"orthographic":true}