{"cameraMode":{"drawMode":0,"name":"Shaded","section":"Shading Mode"},"sceneLighting":false,"audioPlay":false,"sceneViewState":{"m_AlwaysRefresh":false,"showFog":true,"showSkybox":false,"showFlares":true,"showImageEffects":true,"showParticleSystems":true,"showVisualEffectGraphs":true,"m_FxEnabled":true},"in2DMode":false,"pivot":{"x":0.017575442790985109,"y":3.6484668254852297,"z":5.986061096191406},"rotation":{"x":0.061214134097099307,"y":-0.9153569936752319,"z":0.15241968631744386,"w":0.3676213324069977},"size":4.466075420379639,"orthographic":true}