{"cameraMode":{"drawMode":0,"name":"Shaded","section":"Shading Mode"},"sceneLighting":false,"audioPlay":false,"sceneViewState":{"m_AlwaysRefresh":false,"showFog":true,"showSkybox":false,"showFlares":true,"showImageEffects":true,"showParticleSystems":true,"showVisualEffectGraphs":true,"m_FxEnabled":true},"in2DMode":false,"pivot":{"x":-36.494712829589847,"y":-0.031223297119140626,"z":-58.748374938964847},"rotation":{"x":0.19356189668178559,"y":-0.4011431038379669,"z":0.08713669329881668,"w":0.8910810351371765},"size":9.296737670898438,"orthographic":false}